{
  "project_info": {
    "project_number": "509267679655",
    "firebase_url": "https://alphabeta-000.firebaseio.com",
    "project_id": "alphabeta-000",
    "storage_bucket": "alphabeta-000.appspot.com"
  },
  "client": [
    {
      "client_info": {
        "mobilesdk_app_id": "1:509267679655:android:beba4b235eaec7e64dfe82",
        "android_client_info": {
          "package_name": "com.udacity.gradle.band"
        }
      },
      "oauth_client": [
        {
          "client_id": "509267679655-vt7ujf92e8emc3moshhnbf0jdneho3t1.apps.googleusercontent.com",
          "client_type": 1,
          "android_info": {
            "package_name": "com.udacity.gradle.band",
            "certificate_hash": "4714c642205fd6332d6eeac5caf1f760611a5551"
          }
        },
        {
          "client_id": "509267679655-p3n0g70mh682jnsfr1bsjkl7kr5e34ck.apps.googleusercontent.com",
          "client_type": 3
        }
      ],
      "api_key": [
        {
          "current_key": "AIzaSyDdCANR84Zd65NBfIw-u2zqwbl4K4XJkHQ"
        }
      ],
      "services": {
        "appinvite_service": {
          "other_platform_oauth_client": [
            {
              "client_id": "509267679655-p3n0g70mh682jnsfr1bsjkl7kr5e34ck.apps.googleusercontent.com",
              "client_type": 3
            }
          ]
        }
      }
    }
  ],
  "configuration_version": "1"
}